{
    "loss": 18.221044540405273,
    "accuracy": 0.4313725531101227
}